,ID,Name,SHA1,SHA256,SHA512,MD5,Sender IP,Reciever IP,Duration,Severity Score,Category,Package,Size,Type,Label
1,100,virussign.com_2d982bb6034c63d8e9e0e31f9710f390.vir,24ae570a97d22e11f52e28a98f012c1d3338b6e4,2ad6f12f7c9db7f5c07ce22cc3c32dea67e8a5ddde47e8629c28fb082ba63554,aa52e8edffb8244da0d1458dd3c170ad5fc95ec708dc0534e2e97be0ff137f1bf2b1fd6d26d3cc1505c51cf374714e9cf4502fbe4a68886e997b7810f971e710,2d982bb6034c63d8e9e0e31f9710f390,192.168.56.101,192.168.56.255,166,3.0,file,exe,48168,"PE32 executable (GUI) Intel 80386 (stripped to external PDB), for MS Windows, UPX compressed",malicious
2,1,virussign.com_0db75cc8048ba524747c7a20172eee00.vir,497a23307018e15b56298543d4b2f1e09d3f5592,0b865da2c3c01b5847becb754e01efddc22d9cccf2d3226de61274c8d1f4ff30,7c706bed81e1429e5e5e085321822584485e5aa26a6f62d01bc2ed6d730e056f16d01c99c31328f5b00b8e7f54c1518e4a35e39e4ddf898fd25d1489ebd3eb05,0db75cc8048ba524747c7a20172eee00,192.168.56.101,192.168.56.102,152,0.6,file,dll,7168,"PE32 executable (DLL) (console) Intel 80386 Mono/.Net assembly, for MS Windows",non-malicious
3,10,virussign.com_048c1d326cb0978ca7fc1e275be08540.vir,95fabd88e7f0e9a9a742f2b49d44decbd9976762,7be7dba440ecc611d1e48f697402e6e392a1e973f422678daf6a6e1f7574e025,e5102822658d45f3c51cbd18cb0134bf50b9c9c540f831ed5248cd0d35fb0efb99ded5f51243cde1226f8f38d1afcf1130cec097019f7ef30711a8cb74c19b15,048c1d326cb0978ca7fc1e275be08540,192.168.56.101,192.168.56.255,142,0.2,file,dll,2045952,"PE32 executable (DLL) (GUI) Intel 80386, for MS Windows",non-malicious
4,100,virussign.com_2d982bb6034c63d8e9e0e31f9710f390.vir,24ae570a97d22e11f52e28a98f012c1d3338b6e4,2ad6f12f7c9db7f5c07ce22cc3c32dea67e8a5ddde47e8629c28fb082ba63554,aa52e8edffb8244da0d1458dd3c170ad5fc95ec708dc0534e2e97be0ff137f1bf2b1fd6d26d3cc1505c51cf374714e9cf4502fbe4a68886e997b7810f971e710,2d982bb6034c63d8e9e0e31f9710f390,192.168.56.101,192.168.56.255,166,3.0,file,exe,48168,"PE32 executable (GUI) Intel 80386 (stripped to external PDB), for MS Windows, UPX compressed",malicious
5,11,virussign.com_49b48181d4014dc413375d021adb6720.vir,4b4f632e0379043c7072824e8e3ea5887bb73496,afb0aea5d8fcdbe04173a13055c9cc8d3bbf09970c8b9c29969df0bf5704d5f8,61d35a8fd4cb690afa504d55586e6dd98ad315f8e4928cd6f644d116ccc452be87c590cc0315a575d8a0c045567d6dba329e29c9bc40618a70f67b18b413b7a6,49b48181d4014dc413375d021adb6720,192.168.56.102,192.168.56.255,124,0.6,file,dll,54168,"PE32 executable (DLL) (GUI) Intel 80386, for MS Windows",non-malicious
6,12,virussign.com_73bfb0406e61b858b15db5d10a595050.vir,2003e672138c257f6e184d3497738ef9cb345cd1,b69ab00c2a94b04e2f636ead9f014128a13698c737ec7ae2c36d425bd80ae64e,7726af5539140638ecd7402e5964af44d18eba6a9fc2feaa87dd70b612dec4d7c6d0fedba0674dfa9f30cdfed01ae76beab783b68b87c0668b26b3d9c4476f28,73bfb0406e61b858b15db5d10a595050,192.168.56.103,192.168.56.101,107,0.6,file,dll,489472,"PE32 executable (DLL) (GUI) Intel 80386, for MS Windows",non-malicious
7,13,virussign.com_531e6268817d347a7eb9eaf967fbecd0.vir,50dd742bf7bb40cb06f34c5c8c662e5b4c97c0e4,119b11066714dc60e54d7e4b4ff72703b32269cc5a285256d37899e1011dc7e8,615c7cd677c32f64f67a5a281fd7ea67aa29f35c9f9e760a497110d5b0b7a2114c858ee32d316bbbaf380a506b5320cc2217914871a3bae28f89ee5b8fd5f27a,531e6268817d347a7eb9eaf967fbecd0,192.168.56.101,192.168.56.255,174,1.0,file,dll,680960,"PE32 executable (DLL) (GUI) Intel 80386, for MS Windows",malicious
8,15,virussign.com_6841bc45a530e70b07b560d1c4eabf40.vir,e2ddc8063848b6a689b2e4a9cc425896014a6307,3dc7e0123c59399208f2d32c3d66cdb17a4fcbc342fd763b3266d22d7a4a6756,12bcacf59b4b56faf49de76f59d249ed4b8c5b3bfab02f51c1644ba814644e2ba52fd26ea8c3c14d89f3398fa2d8c5001ece6116d5f960f0369aa4d0d2b4ca8d,6841bc45a530e70b07b560d1c4eabf40,192.168.56.103,192.168.56.102,79,1.2,file,dll,511095,"PE32 executable (DLL) (console) Intel 80386, for MS Windows",malicious
9,16,virussign.com_8067b728da9632bbc28e1ae351cb4380.vir,86b8694ae1d6db2deae7615197bc6e41bae77444,66ca1394fdc34a46ab000ec2c5346e7ae44666d238e71ce2bb9dad221b210a69,bba992dfde746ed1391545883e1f44b702932385a8040ea91f261e0e1be362ff731f6103f5797614116dbcb3076d4accc656d61cbec5557c96dd2acbda216f9a,8067b728da9632bbc28e1ae351cb4380,192.168.56.102,192.168.56.255,85,0.6,file,dll,6145,"PE32 executable (DLL) (GUI) Intel 80386, for MS Windows",non-malicious
10,17,virussign.com_16860a09cee6d53a5caf3ddb97c75700.vir,5b2878c5efe1c6334a3aea1319c390a4a4c43cf0,a9dab2721580fcafbb5bb0b31055bf9f0bcfcedf72979a9f14913017b23282a5,9b02640abcc69899760e858aeac3a02eca806c6099980e4e9ee41f1ab9ffd77159d764c486f50410cd74ab38032bc3938eb9c6dd0f72649d422adabcfe884ab8,16860a09cee6d53a5caf3ddb97c75700,192.168.56.103,192.168.56.101,102,0.0,file,dll,14528,"PE32 executable (DLL) (console) Intel 80386 Mono/.Net assembly, for MS Windows",non-malicious
11,18,virussign.com_982360561f8124dd32494518d1749620.vir,992f484c7e106374e7e65f9140bcd9757ec0dfcd,c988c61b644ba50b43db15fd1c9e0db3f841bed954b191e3828e85ef19ffa456,376ad922419cc840bc7f8980c4495d0bd0fa4da1a9006965668ec492c5de48058e370ffb3aecf8764e674ad30d379f369a5101d3150a67668305efb1aa8b683d,982360561f8124dd32494518d1749620,192.168.56.101,192.168.56.255,135,0.0,file,dll,9043,"PE32 executable (DLL) (GUI) Intel 80386, for MS Windows",non-malicious
12,19,virussign.com_a18a1fc7e24a6f86bd5dcf00b7fb3060.vir,a451757edaa0e16d27b3bc2a57bedcbcfdc73c5c,13217b359aa65e15a37ff6c5a8334581c89f7f0f899e4f67ad3b3ae453bf4c26,d23ddd3d0dc6b29f64ad7c2aa898ea8a78828bb09d274720b66a6c30c9e08ba35ec4abef97c8d1409335f42bdfef2656fbd17094745ac33a2adba73aa6b35db2,a18a1fc7e24a6f86bd5dcf00b7fb3060,192.168.56.102,192.168.56.255,89,0.2,file,dll,643790,"PE32 executable (DLL) (GUI) Intel 80386, for MS Windows",non-malicious
13,2,virussign.com_3f8ebf8c654fa9343864e400c5516400.vir,6b7e6189967bf0427c610a03f74d75a4d6a5863f,08fd6d2afaabbe267e567ce61b76267f1d14e97eff00d9520807164cf354037f,0728312d9ab54beceeb316b386d94c879d2db0bf2c3f9c67f64eafd3e2547676e84f41970c6bcc6a007cf7093b84f1898662d3511b1c018304c0335ab10481b2,3f8ebf8c654fa9343864e400c5516400,192.168.56.101,192.168.56.102,140,0.2,file,dll,2589088,"PE32 executable (DLL) (GUI) Intel 80386, for MS Windows",non-malicious
14,20,virussign.com_b6fea8b128abfb69317c28705ae873a0.vir,e84c5a0975b339b3f0de0486b0fa5b097973423d,0f61c22718645bd2260679d436d46842d262cf3845e42fb2ab645fdd54192ad8,8aff4e5efa76c12627cd306f6232a9996b5255149140a216b3da108f6195f4153237dfa0e0df4fabb4bafb62a029778c688315a34482244f3e643e5c6cef5676,b6fea8b128abfb69317c28705ae873a0,192.168.56.103,192.168.56.101,120,0.4,file,dll,784904,"PE32 executable (DLL) (GUI) Intel 80386, for MS Windows",non-malicious
15,21,virussign.com_b072f2bc4f34612e2f2fc35aa8354d90.vir,249b2f5381f4c8b52f200d341cd6c1484a4fbe68,7e4aee9eec25a29699d8ab7ad83a844350358807e9c4e1d1da9bdb712f5d6a17,b673d1c1de9d4b1ae221009e5ea178d838947f4809fb649978ed46f187a6ef4268ecd3499f3c8876343ec3a116dfba65a66b4d6832fdb6e4a95109be9b40fe76,b072f2bc4f34612e2f2fc35aa8354d90,192.168.56.102,192.168.56.255,108,0.6,file,dll,6145,"PE32 executable (DLL) (GUI) Intel 80386, for MS Windows",non-malicious
16,22,virussign.com_c5f3c46c219540adc3ac92a460c87ea0.vir,68f1d683bcf57f589fab146d236f6cf5f2f345f1,5edc3718e0579d14975e9b50b10e6563ed3d19a86fc89a6ead4c82dda5650c52,e4b368e920a68f45537250416d32aeb7ef872c3786bf6727637c197ebd8c37e91913ad8892c167bb95e81c1cca0967cfd4ab0b0536059eac219339407ff536c6,c5f3c46c219540adc3ac92a460c87ea0,192.168.56.101,192.168.56.255,104,0.0,file,dll,161856,"PE32 executable (DLL) (console) Intel 80386 Mono/.Net assembly, for MS Windows",non-malicious
17,23,virussign.com_ccaba1109f578ece7f9af63b765c65f0.vir,1f7e556f90ac3e326c3e6f86d6720270b7c000a7,27a24fd5efc1c222870c420dc98fdbdef568a24b0e769c2b49a13105a7f71ef1,056f3be034edbcc7eb3f4fa10bd52871c18714e8a1b8388815e1cc18bd9da658fd1687f282b95a79f1e2ba35613f7858e49a79ce7c65c9b845fe1ebbab6abcb8,ccaba1109f578ece7f9af63b765c65f0,192.168.56.102,192.168.56.255,109,0.2,file,dll,32768,"PE32 executable (DLL) (GUI) Intel 80386, for MS Windows",non-malicious
18,24,virussign.com_d52b4c9bb4c467bebaf4306d26b37390.vir,b6ff7790b52be753f76f7e09d59e18a7ccbef73f,a6b067305076ef0ebe2bebaa6598f6b9e55a35024dc957b9f25f029a620eace9,5891906183f530c2d9e4a0ff9f45ffca1c4e28d492413c6385588c6727c0413ad737b1c452c44df362f4f50a043334cd4cb1cc9b42184ba118509f8efec7f809,d52b4c9bb4c467bebaf4306d26b37390,192.168.56.103,192.168.56.101,102,0.0,file,dll,15264,"PE32 executable (DLL) (console) Intel 80386 Mono/.Net assembly, for MS Windows",non-malicious
19,25,virussign.com_dcfb16618060a307fe0b1d40f0cef540.vir,3ccc55c9d4cc4e70ff8aaab1e62698864b7e119d,d4450aabb43b7dcd201274d5255b36c7175a90d536c448b0553d6d73151bc4ff,79a245c91a0f8bb323baca01ddcca7ae6a9e9f80cdb6bc0b0546ff3c97735898d2ad5bcf1b60624cad05b32d68836bf8f620b235497a35a4bdb4a43a7e775735,dcfb16618060a307fe0b1d40f0cef540,192.168.56.101,192.168.56.255,100,0.0,file,dll,190501,"PE32 executable (DLL) (GUI) Intel 80386, for MS Windows",non-malicious
20,26,virussign.com_e664115702f9d5bcfbb21c41df44ad80.vir,c0c8c7c05ee768bcf2a3b1ba036338fe48b36c2d,698dd8a4430a538284fb006d4a018224cdb83692d1041e15dfe8390963093653,9a15a95cfe7070636831396d64aa340dd3e17b54e143465c7da84bb0b935abe7d3ee65fcfb9de206a302a81afc72eff5ee38b7b7d42dbe99872dc8164a8b77d5,e664115702f9d5bcfbb21c41df44ad80,192.168.56.103,192.168.56.101,109,0.2,file,dll,1719929,"PE32 executable (DLL) (GUI) Intel 80386, for MS Windows",non-malicious
21,27,virussign.com_edb4b826266540c832410e79ebee6ca0.vir,0c21381b4e76c176b13f4d748419e7c178a4e36d,e62f7279a9cf6b6e38f45785b96509f496cdf2fa361e8cf6972beb26584ca7ed,7ce9abbda48f90411de73839511796f937b599f51e97993fc5b275c0f027565db503534cfed5766b8c4f5516954b46744e98145d578b1b3c2cc9d30f4625a603,edb4b826266540c832410e79ebee6ca0,192.168.56.102,192.168.56.255,107,0.4,file,dll,539648,"PE32 executable (DLL) (GUI) Intel 80386, for MS Windows",non-malicious
22,28,virussign.com_fa8239769831df4c785c437f7b5214d0.vir,d78ce7b10ab24d6aaf8d99a0e780f0bba2d83f7d,423e17373cd78cc12f5256333a54258eb205a41f71f626ed64820f12d94dd3b5,95c31f95b2d21b4c9518fb526702f6feba69e3a38106a8fdac42afdf16af6cc879357e2f4b6df0755ef2e84fc0ff3ac4d553e0d6e8570da65ef2d4a04ce873dd,fa8239769831df4c785c437f7b5214d0,192.168.56.101,192.168.56.255,107,0.0,file,dll,183360,"PE32 executable (DLL) (console) Intel 80386 Mono/.Net assembly, for MS Windows",non-malicious
23,29,virussign.com_0583c94588286f5a596f903fba4bcfd0.vir,43b02cc10fb04652c864179089087dda09d2998f,4499cdc87bff9e0f5829cc60f98a2a55f46ef06a78f0459529a9e66c213ad8f1,81aa3068c1f87baa2d11d4b7af11f3ad87fb310a4a51535a060d59344081e0d25ad5f3fc246f06a3b1fa1863901ca049c9bf2c5a718589799edd8c50d36dd817,0583c94588286f5a596f903fba4bcfd0,192.168.56.103,192.168.56.101,294,3.8,file,,819200,data,malicious
24,3,virussign.com_5fbb942b604f95abd0a94b028a4c35f0.vir,dac9489a6c7c9ab036eda1f41641934037edaee1,b62d6a4286d0ef47be85cb0f7954c39753b932d075f4ecdf2ab9d4b5cc8ad1f6,06f05a341c868d329293ae59f27b679a7acb3b24b39cce943f936051556c7cf25ac5bb941fbc5c2df6f925135e0e1a5e5146475c9bf37899aa38d3693bfdaa81,5fbb942b604f95abd0a94b028a4c35f0,192.168.56.101,192.168.56.103,124,0.4,file,dll,3359868,"PE32 executable (DLL) (console) Intel 80386 Mono/.Net assembly, for MS Windows",non-malicious
25,30,virussign.com_823dbb4a5a7657e0f53b36996edbe610.vir,c86216ea10fc5684af2cb4ef8c1ecbc4d7eca3f7,69d6fd593acd5a501a48c8a3ba8da1404cf7648f69828b29b9e2cbf83808013d,451ffef529c5906ce05dc2cf2257f3a376b9162f627166585626015d27d8d6976f7d3aad648e5cfef9231761d58cc413e29820d78ced01cae0d1b580dd882522,823dbb4a5a7657e0f53b36996edbe610,192.168.56.102,192.168.56.255,73,0.2,file,,6748,data,non-malicious
26,31,virussign.com_d87a6954165ad7013e170c30709884c0.vir,6fd70b694409bbb7948512295b355dfa569dfcf0,8af3cc0ae50d85d89fc4eb7ce264eea180c04f0d7b6ecbb521d53fcff1deac8b,470144c1e662863054f2b7034892c0418206c0155e77c01864c2964b940d59953459e9b5bfe90934484a6a166e1b34faa56f658d0bdc922db2498da68303abd8,d87a6954165ad7013e170c30709884c0,192.168.56.101,192.168.56.255,240,4.4,file,,570832,data,malicious
27,32,virussign.com_0accf41ce073cb93eb4f1558e3defd60.vir,be8b70589d61ba0f7c8026e6ce5d2a9dc121da63,ff38078bc41d25d63e5a37c01d378b9401df2f0267f114d4a605b345c65b5699,34ae40262615056391276d9cf7ebdd2b3d27833cf4f729e0255260b9d8c3b5348cdb840986103994940f6429c7174e8d2d304f7f6744bc6db64b8357ceb9cb0e,0accf41ce073cb93eb4f1558e3defd60,192.168.56.102,192.168.56.255,76,0.2,file,,79732,"gzip compressed data, from Unix, original size modulo 2^32 196436",non-malicious
28,33,virussign.com_00c6a42aaa5e8642d2ee0072a4f95af0.vir,45cdb5901dff769d8d11120aeeaca98cdbf5c5fd,2b4a92a6420588b62857404731e2b7f6e3201ece8489e3152150b2745c4f541e,0fe09041da64122bb902569ebaa0547ec9831f636dec80c0b4f310e4f000e2fb7c5cf54f0984ae19ef0d06cdc99f78ffc4f4ef21bb81c703559de393e0908ee5,00c6a42aaa5e8642d2ee0072a4f95af0,192.168.56.102,192.168.56.255,79,0.2,file,,82103,"gzip compressed data, from Unix, original size modulo 2^32 206800",non-malicious
29,34,virussign.com_0c7da8dfe875172cf8bae4c4459bcdb0.vir,31cd2556e6ed05335be1645362a8247dfb33bd83,1ecc50e6d114d9157ca46bc2c99691a4d316fbf5e4476b2310d6e482c3eb69f4,83b356fb879cdbde2eef5990ee1eadf05cd61da9f8508894610bc8f6175e76d0a8425d90dbde4d9a2265b26faa063e1a99ce7299863acad17360b957ee60b66b,0c7da8dfe875172cf8bae4c4459bcdb0,192.168.56.101,192.168.56.103,229,4.4,file,,86156,"gzip compressed data, from Unix, original size modulo 2^32 216202",malicious
30,35,virussign.com_0c2544d268b53d6285660f761d0c4ea0.vir,60eecbb58f24100e7016bb2856c58968ca550ff1,f1b66b99e23eb1248f84c8a2d95ac5d5dd65486dc34c38bf06c9447105a70ba3,82084be9eb3f1dbf7d80f5b23f69fa19484ec8a7d506572f40a95204c6bc03253ef42432ccbf660963212d7763793a850bda1d990a152da5a15b65c85a35a65b,0c2544d268b53d6285660f761d0c4ea0,192.168.56.102,192.168.56.101,81,0.2,file,,66101,"gzip compressed data, from Unix, original size modulo 2^32 68169",non-malicious
31,36,virussign.com_0dab1a8d1a1a85e79187c5eda937cca0.vir,b1dd6280bce1eb47a77b0786455d6dce9c801ab7,cf226dc4d35fc99001419eacc096e7a52a6e5a22e82f8424c6917696ce30030c,a6cdf6bbcdfcb689d3ee83f0022edc3d8db0f9b74aedec615ae38cac75fc248596088d82d428d040c39b8fd524e914442e014e020040d2f5fbcff635a53ae6cd,0dab1a8d1a1a85e79187c5eda937cca0,192.168.56.101,192.168.56.255,238,4.4,file,,420590,"gzip compressed data, from Unix, original size modulo 2^32 844288",malicious
32,37,virussign.com_0f89887c6cfff2f656c2f0c0be380de0.vir,0d56aa58d241895f89d450ac0312b0be7b36b86e,28efed1942cce66ff3d2b7326754d99317e6c22c52764fb74773d8f710bb9e97,e405670f8bb9274f9e6669dbfcfa511ac04722d3bdb555ee2a0e2559d3f56ac0691610252800b9bbefcfc959c7f3c0005004faaefef038e557bb97c4a80b6d53,0f89887c6cfff2f656c2f0c0be380de0,192.168.56.102,192.168.56.255,70,0.2,file,,3334,"gzip compressed data, from Unix, original size modulo 2^32 8414",non-malicious
33,39,virussign.com_01a646729053eb93e6b2a676263706b0.vir,d240b8488d000417eeb362d690d2444026da70dd,b2ae64e108669f21dc89f671a5c6b60f752b2efc9a14eae1b0c5c3199736e4b1,35bb04c206b7b2a546be996bd231b989f3692491f205f85bacd297d8e23075118fba3ebbbdd30356c027970c62394b2857d647321b6f31100cd982e81063e95f,01a646729053eb93e6b2a676263706b0,192.168.56.103,192.168.56.101,203,3.8,file,,122683,"gzip compressed data, from Unix, original size modulo 2^32 230080",malicious
34,38,virussign.com_1a85268048d0048bd96a9c6835362890.vir,b3f9a3cc63e7b7f9715249c079659b6ddbc07284,b79d1f5cf429316ecdfaf42ddfebc597e18b8019951ad920562a8e0f10007c61,864586ee28252679004c39938d7a2ec10e850bf264d884d1702769855095f08f52aa71b4e3fb31d55f732d83099e5a5d024e94cb424372f8230ef2071a4660ae,1a85268048d0048bd96a9c6835362890,192.168.56.102,192.168.56.255,82,0.2,file,,84230,"gzip compressed data, from Unix, original size modulo 2^32 206290",non-malicious
35,4,virussign.com_6d7420f69167b1e680225a13f1195120.vir,3de8315ff6fa2e6781f13aa70c8ea6fcb6b54790,23c4a1a0976570b4bdce900a8580bb91ad65a7070fd84e4b86eeeee5fc7f30f1,5be419ee29e8241898aefff6f253b7ddd66348fb45a6e0c9c014a9c23a9789fd150695052a814223d8d4c862dc2b298647d722d7b856ff3e1ec7b8c0aeaf5125,6d7420f69167b1e680225a13f1195120,192.168.56.103,192.168.56.101,54,0.0,file,dll,2682800,"PE32 executable (DLL) (GUI) Intel 80386, for MS Windows",non-malicious
36,40,virussign.com_1c69d7f75ddd090ad9e63be6e13149e0.vir,949a7a9270f0d5eb0ff627a0f44157fbd83c0410,b51883128e51a5bd81385b37e7e24f9af1014debc1f5454cf62baf30d71dab7b,7196b6adbb8a9c1c4f7c2fb5768009c77aff27243cda175b82fdaff90ed657c2629d34c3a4fc18edc705400e1e43cf97e788a42588faebffc5a2fed4e1c6da6b,1c69d7f75ddd090ad9e63be6e13149e0,192.168.56.102,192.168.56.255,66,0.2,file,,83038,"gzip compressed data, from Unix, original size modulo 2^32 206307",non-malicious
37,42,virussign.com_1effc520651ade098863b5fa280cba80.vir,6d64324b10ee7b9cdc4c3fce65edd58899aa4f0f,80c24aed2cb4ba0b6d9e78f9ccf6f7c946254b9ad5464bf0b042faadc13aefb4,735a6219a42e8fbbe80e55521b5ad62452416525fc46566d9f66c9bb7c5d27231ac1dd3e6d6970fc8dc61e0958da383d45aebf6f1bf3d833748b05a2edc1362d,1effc520651ade098863b5fa280cba80,192.168.56.102,192.168.56.255,62,0.2,file,,6195,"gzip compressed data, from Unix, original size modulo 2^32 61440",non-malicious
38,41,virussign.com_1dbd7566516837afc773d19f244ffcf0.vir,d7956e4cf180d07c41967b17625aef1be20ab8d6,777df0b6b031ce1beb3034e497dd767a4ff5d6e1a9b34c9a49e8df08a650aaeb,c99c0542a70832691488540ef6efa066e819023af20ad0a29183875ffe9bfad6253f6ff6eae86a54b8f3151485b3381de46e2c51af843677261f6ab1cd328d10,1dbd7566516837afc773d19f244ffcf0,192.168.56.101,192.168.56.255,249,3.8,file,,978831,"gzip compressed data, from Unix, original size modulo 2^32 1147869",malicious
39,43,virussign.com_2aff9e9acf3c60b27100930bae53fe10.vir,88f685596fc9b092d120bba4da631412a0801b1b,5cbc322116b3d8950c3b56f3d9ca5a4b69fd0142c9c2d8e12506625e30f7469a,ba2a1665b9f2e5f6fa17fa78ef284a9e794362970b8453c9efef4e01eea46fb3afc6efdade54277edae6bbe917f3412aa5fec443cd2a15473b6aa0999d6a6d82,2aff9e9acf3c60b27100930bae53fe10,192.168.56.102,192.168.56.255,84,0.2,file,,2993814,"gzip compressed data, from Unix, original size modulo 2^32 7215524",non-malicious
40,44,virussign.com_2dd952ccb02a593bf50353aa68025240.vir,276a03f69b9a61ee6e303dfeb3fdd404ca0f41d9,e6ada2ff15cb7861b8fac50cbc5c31f9a8135fbde11166f80b866b6d2cfc963c,8fa413c5b1dffbcb46ce37d40c56c647f997f091d7d51769c4c7ce862b38be238be83b8411ada4c77a1f1809473f4a9e88c7a79ca547a51764c5c6b4d859b799,2dd952ccb02a593bf50353aa68025240,192.168.56.103,192.168.56.101,219,4.4,file,,20530,"gzip compressed data, from Unix, original size modulo 2^32 30876",malicious
41,45,virussign.com_2ee7858a5905e5afad4a5d8da348bb00.vir,4b4bee0db6f7fafa96f47b47df7c224757b07e85,33c7c1cda891d99344c86acc136cf71fc36741153cdb9427d865627344c2e301,2ddf21baef121cbf28122accb81e604a455d56c5091c2e2dca636f313ca1b5f0dcafc1765f3b365dd329b80ae3c94f907551e8a3bff94a752036ec9b79b5d0de,2ee7858a5905e5afad4a5d8da348bb00,192.168.56.102,192.168.56.255,75,0.2,file,,419771,"gzip compressed data, from Unix, original size modulo 2^32 820900",non-malicious
42,46,virussign.com_3a1bd3d7f7e5125049005059dd186a70.vir,6ca6c49920ed8845de0c6fedb56e1fa1d886ba3f,d082113141ed0a892164c9031acad91f1a9de781dec67e1cd1653af161b76c1f,81d269b168711c63d78090c202e6b47cb0a8d6beb2e2f6b72bebb54a5ae14cd4a199e4f3a61e92c65857593e98216f8e9eeeaf4569b716269a18cbad2c0e2d04,3a1bd3d7f7e5125049005059dd186a70,192.168.56.101,192.168.56.255,215,3.4,file,,83375,"gzip compressed data, from Unix, original size modulo 2^32 205458",malicious
43,47,virussign.com_3b8b9d13ae4179b3ba02a022b0c24f00.vir,f52db709f3892c515ab4c7091809ac17a7659993,75496847da5316b6d1467524df5e20e592c04ae4ba42be890367b27c1e3bfac1,9808a5b7222abf90a2b6e2967d66dec370398774f0a77e189ad0a2d7093daee2692e52303631b5208a02030325a1acac8e26acccbc15447ee1aca52f63b05da0,3b8b9d13ae4179b3ba02a022b0c24f00,192.168.56.102,192.168.56.255,74,0.2,file,,460799,"gzip compressed data, from Unix, original size modulo 2^32 933888",non-malicious
44,48,virussign.com_3c996455d1c19eeefd485489031185f0.vir,1b77d75e0a75b143c6101b8119d9f61704f420c0,aa0cf6e5eea59dd8c063f6ba14ce67b9b2034ff550514fc8bc924f1e62a4b078,39549c2d6bb115d8c2e422db7099d5c5e277f07bf9c5012b515a1ff8b4fa4c0c0d47fae40f50d3ff36e3d529da83cd9c456534fc395edceacf72f886003d4457,3c996455d1c19eeefd485489031185f0,192.168.56.102,192.168.56.101,100,0.2,file,,86214,"gzip compressed data, from Unix, original size modulo 2^32 216091",non-malicious
45,49,virussign.com_3e30d632df3cc308b4b734f8547c5a10.vir,4395a19d241b0bb01bbcba4f0b27609385b67791,d2c74768e039fd3d67c27a62c0e155d48d26a0a082b654dd45a3598384e8abb5,a62870023178506aca7c488bedfc3437f1893d36c85d0c17c33282664ffb9aa8d6ab9b86d4dd08e0673a26c993585850bfbd4b6f1cb781c286d9e174f116e0d5,3e30d632df3cc308b4b734f8547c5a10,192.168.56.102,192.168.56.103,223,3.8,file,,643388,"gzip compressed data, from Unix, original size modulo 2^32 1315840",malicious
46,5,virussign.com_7b2236478416e3d93eef2227bcd23e90.vir,fbb09f9a29af57a1af4364b1c388be2eca42e730,00e1ef8abb72b46a8f2c21bccd034c086044f702c3495a36ba9346777d2dece7,f93c3a42007a6b07ab56609456afde4f55ed1b09c0dd419c656b168abe072f719ab69f2e3a5922275ff12f31dc83e10e34afc26789ea66b00f21993e5e2a1dfe,7b2236478416e3d93eef2227bcd23e90,192.168.56.102,192.168.56.255,106,0.2,file,dll,1703000,"PE32 executable (DLL) (GUI) Intel 80386, for MS Windows",non-malicious
47,50,virussign.com_4a9a4b7f6dbb2eac89be51628f24f6b0.vir,c1fdcb2eab1d159ffedae194ea40739270e48ac3,985fba8125aa1a7c9276efa606db88fee70b69c10ee4ad39ff79e2d7baedabe7,a3a3108b9ebcfc5bacb9a622aea0a0f5d2160bc721716c3ee474d6855dd81e7c4760de08e3c2fe828115f31714fd0a1f20d6dfd68a7bb844051797e8701343f8,4a9a4b7f6dbb2eac89be51628f24f6b0,192.168.56.102,192.168.56.101,92,0.2,file,,269245,"gzip compressed data, from Unix, original size modulo 2^32 413420",non-malicious
48,51,virussign.com_4b54a2a325db1d29d221e482f39ccd50.vir,e98c0839a168d5122cdc49d1872bedf39a5c4ce7,97d3c46d12e9b8d2b1590e58f4252a0dfa62c75c1a704df87bb9db038556cde6,a2a881a349cb0c69123dd345ba501a30a569e10edc6229dfa5422af85f870165077356e0e7264bde099cb1fae4f5eed8a908dfa88518a4e6193bf63754940c51,4b54a2a325db1d29d221e482f39ccd50,192.168.56.101,192.168.56.255,247,4.4,file,,25314,"gzip compressed data, from Unix, original size modulo 2^32 38548",malicious
49,52,virussign.com_4cc55989a26c459ea668631366675c10.vir,d9169ac53a33f11526c80f8ddc399b87108f0667,b98aadc1c52f1c741b7553ffbabe14b2543543a073cd75f2cb69c31050b6e900,e341008283b19c82fbbc44ba3facb8b6b61d71d7b43a72c9e51a80282e50ef75ff60aa49a12edf1f081be3550e2f7f4a5fbb68f07e7b225ccc912afb08b13793,4cc55989a26c459ea668631366675c10,192.168.56.102,192.168.56.255,78,0.2,file,,387256,"gzip compressed data, from Unix, original size modulo 2^32 1435052",non-malicious
50,53,virussign.com_4fb6484020ea9cc343f3d7ea65e0fd60.vir,a4130344aa125b97c206ee4a95ea8094a6b5b981,f1637e8c880a7ba935c68eb7e7d7b0cab3abf15fd698fb90fc7af7c7f622b372,c2e3641c170c134c21d3463ac4078e2f1338acb8feea3d411229bc14e8d12d8fa67f5a511620c511675c09244415c89531e6be1ba0805488b40bff9d26f9b419,4fb6484020ea9cc343f3d7ea65e0fd60,192.168.56.101,192.168.56.103,207,3.8,file,,104517,"gzip compressed data, from Unix, original size modulo 2^32 141890",malicious
51,54,virussign.com_4a9a4b7f6dbb2eac89be51628f24f6b0.vir,c1fdcb2eab1d159ffedae194ea40739270e48ac3,985fba8125aa1a7c9276efa606db88fee70b69c10ee4ad39ff79e2d7baedabe7,a3a3108b9ebcfc5bacb9a622aea0a0f5d2160bc721716c3ee474d6855dd81e7c4760de08e3c2fe828115f31714fd0a1f20d6dfd68a7bb844051797e8701343f8,4a9a4b7f6dbb2eac89be51628f24f6b0,192.168.56.101,192.168.56.102,68,0.2,file,,269245,"gzip compressed data, from Unix, original size modulo 2^32 413420",non-malicious
52,55,virussign.com_4b54a2a325db1d29d221e482f39ccd50.vir,e98c0839a168d5122cdc49d1872bedf39a5c4ce7,97d3c46d12e9b8d2b1590e58f4252a0dfa62c75c1a704df87bb9db038556cde6,a2a881a349cb0c69123dd345ba501a30a569e10edc6229dfa5422af85f870165077356e0e7264bde099cb1fae4f5eed8a908dfa88518a4e6193bf63754940c51,4b54a2a325db1d29d221e482f39ccd50,192.168.56.101,192.168.56.102,80,0.2,file,,25314,"gzip compressed data, from Unix, original size modulo 2^32 38548",non-malicious
53,56,virussign.com_4cc55989a26c459ea668631366675c10.vir,d9169ac53a33f11526c80f8ddc399b87108f0667,b98aadc1c52f1c741b7553ffbabe14b2543543a073cd75f2cb69c31050b6e900,e341008283b19c82fbbc44ba3facb8b6b61d71d7b43a72c9e51a80282e50ef75ff60aa49a12edf1f081be3550e2f7f4a5fbb68f07e7b225ccc912afb08b13793,4cc55989a26c459ea668631366675c10,192.168.56.101,192.168.56.255,241,3.8,file,,387256,"gzip compressed data, from Unix, original size modulo 2^32 1435052",malicious
54,57,virussign.com_4fb6484020ea9cc343f3d7ea65e0fd60.vir,a4130344aa125b97c206ee4a95ea8094a6b5b981,f1637e8c880a7ba935c68eb7e7d7b0cab3abf15fd698fb90fc7af7c7f622b372,c2e3641c170c134c21d3463ac4078e2f1338acb8feea3d411229bc14e8d12d8fa67f5a511620c511675c09244415c89531e6be1ba0805488b40bff9d26f9b419,4fb6484020ea9cc343f3d7ea65e0fd60,192.168.56.102,192.168.56.255,92,0.2,file,,104517,"gzip compressed data, from Unix, original size modulo 2^32 141890",non-malicious
55,58,virussign.com_5a2cdc6349a8f9304aa78e84e8f40b60.vir,ea35892a5d1a5af243f9e1b2c18abb0394b945ec,ca95396e7bd957ddd9f7100d830a122280d9a83fa3d70327269c4c0dfdb839ee,2950f998a01155c1fa2d532f95343123640bd3ba22b2a066245b71222c7f307d923b3beda7713563c0b7705c720bd48e934bfaadff388fbd9b2cf9b267a55009,5a2cdc6349a8f9304aa78e84e8f40b60,192.168.56.101,192.168.56.103,221,4.4,file,,427330,"gzip compressed data, from Unix, original size modulo 2^32 1170296",malicious
56,59,virussign.com_5b79eef2174b11124b7e98caccb67750.vir,494f9c9b7a80a2a958a0fc72aae01f15ffe4e9d5,0cc0e270cda87a74553b5d218128e656ebd6e102859fccea27a0271a0e6bb6be,2957100e7244f7aa25422e8d789af903bbbd9014d8c91b8a4725eef4852d0acbccd3d4f0d6134ba95201857152f2452340383d8929191ea719cb227b1a1c56a5,5b79eef2174b11124b7e98caccb67750,192.168.56.101,192.168.56.102,72,0.2,file,,4113349,"gzip compressed data, from Unix, original size modulo 2^32 4118087",non-malicious
57,6,virussign.com_8f38055675b031ae35cfdb7c8267d080.vir,538aa712ac8f3a86000de02083da6fb8bed08a96,5e7986894d1e018849ef97aaa7ed094247d83e17ffb8f9eb110da8c63d17900b,0522e152c4ad4811b247526892ef5884241fa09a95df8e831e04dcc22299fdfb13a9b25f5d97e1840a8552a164c1194f5dec7079ad8a267c0aa4c151d7b36552,8f38055675b031ae35cfdb7c8267d080,192.168.56.101,192.168.56.255,188,0.6,file,dll,716800,"PE32 executable (DLL) (GUI) Intel 80386, for MS Windows",non-malicious
58,60,virussign.com_5caa598262581ea26f1b6416cc63fcc0.vir,7532ae4921689e89e5a389167ec89dffc95eceb3,bc29a3679200b3fdef6551771eb90473185be049a654b98c4ff37ed8b94cac03,bb49fda54aaf7e6976b9ca01ef0b67c71b14650e913e62e0762a06019b7c5dcb193bf085f226e4a105640aad03ed7e35445038e51bb849cf4aa3d3d2ddf43bff,5caa598262581ea26f1b6416cc63fcc0,192.168.56.101,192.168.56.102,81,0.2,file,,335925,"gzip compressed data, from Unix, original size modulo 2^32 3953807",non-malicious
59,61,virussign.com_5d9d7fefee34031c7fdb3307a65297b0.vir,549e60af33488f9bc83aa84876057f6ea9bae2e6,c39c30420a347ec19e7f533cbac0c8dff55b1a4b1b68d9589ea9f32d0f688a64,462c470a51e243c75029a8503088b105638935d0b6ab6859ac2340fa2fdee48e4ce0c55d534c18ce4a5242748f69672650c29e4b11e3a565fcc2b28f6df090c5,5d9d7fefee34031c7fdb3307a65297b0,192.168.56.101,192.168.56.103,237,4.4,file,,83671,"gzip compressed data, from Unix, original size modulo 2^32 208139",malicious
60,62,virussign.com_5e9aa9252a3e7e4f5542a77f2c435cd0.vir,4e6a5a130459840322151a87600d201d10ff1da9,96c1c0be4938b436a7131c4d6538e055fddb46a8f055d1c5f746f8c903f3bd61,2ac7844f6a8d1eea78921c40a79c69f97b4f5c3b14a9e605b36083a7119ee3909c0fc633b12ab7416b8870aa70803c859cef7ca759d444d35d6c96b84a07ed81,5e9aa9252a3e7e4f5542a77f2c435cd0,192.168.56.101,192.168.56.102,75,0.2,file,,29758,"gzip compressed data, from Unix, original size modulo 2^32 106113",non-malicious
61,63,virussign.com_6bbadb3f81b1e428ca751121a0362b50.vir,eb07fcc3255d5e6c331343a3f607f173ec188725,4f403aff86213d94a7cea5e93aa39bda8b02edb6c466cb16a4062a0d7fce56db,9953fee353f2068745beb75b4b263d1caf9bce27f380ff3e88e3486752bff2910a45d9b2d0d5ce287e93fbde445de154ab98fccafc22b3a9ff5b8ee2dab86201,6bbadb3f81b1e428ca751121a0362b50,192.168.56.101,192.168.56.103,211,3.8,file,,31569,"gzip compressed data, from Unix, original size modulo 2^32 100758",malicious
62,64,virussign.com_6d430606004619627f46fa7edbc3f4f0.vir,87e517c7f1c553b034f4c875cad6aa11b67f298f,84a79471ee1791ad165adde8c6636187602ae60e21c3a95200d05042fb2e91a4,625fbe83d36bf089a03e9bbffa92404a9d9da193a4c0436abaf9f1fb1c8825082f81ea385e0e5708a0a649b32779bf5c36bb2de98bec1b2672d2ddf672c43215,6d430606004619627f46fa7edbc3f4f0,192.168.56.101,192.168.56.102,81,0.2,file,,60440,"gzip compressed data, from Unix, original size modulo 2^32 150778",non-malicious
63,65,virussign.com_00006e11ca943e342ca33409f8286190.vir,5d8faa137ceb094fe08e73b950a07371e50e935f,1bbdf126e0acd7ecd239e7c5092fc999923b99c89ec231425f59dbf2e7e78920,3a469923e4ba7de90673184a4b78692cbf7cfeb432aea32c576c764ac1ecc762da7c84fa215e4d74cae0589ddc6e58ce4609223f9a78a1c392d64dfb619de000,00006e11ca943e342ca33409f8286190,192.168.56.102,192.168.56.101,77,0.2,file,,112440,"gzip compressed data, from Unix, original size modulo 2^32 306241",non-malicious
64,66,virussign.com_6f4832fbdc5a18459b80e69d8b78d700.vir,29626d17aa883311463ea80b0c4177e48bd2c6d6,5248cf0d5f095b2072eafa32f4e191ab1caac311de786ec7220d2b15fa0cc54e,9c35ad953b7433ff07143d71fff2d69a36de576f1a6be9a4b3a8de156a36faeb41236ffa00cd2c1d1f42e3ba1a123e8834b69c73792e0c80d96f3b4607daf202,6f4832fbdc5a18459b80e69d8b78d700,192.168.56.101,192.168.56.255,240,4.4,file,,1789957,"gzip compressed data, from Unix, original size modulo 2^32 2236528",malicious
65,67,virussign.com_7b635410d597a6530dd9861c8b603180.vir,ad837588ec3bae956dcb50c339d2f4d6c3a6b2ce,533dd119a1dbe53ed703dca221963af746602adc92b0e1512ff3d08b49fd38c3,d37d9e01be465e0e6ea22167a1af7b53f46e69d3dd84e8060b6b67779cf566e521faa994cf1be5c77c93ec8f128aabd88452f26e705b320ee6ebf26c39dd8cab,7b635410d597a6530dd9861c8b603180,192.168.56.102,192.168.56.103,206,3.8,file,,731724,"gzip compressed data, from Unix, original size modulo 2^32 1480340",malicious
66,68,virussign.com_7d47eabb8e820a0b2fc2a0666a408f40.vir,a21867d2931b7ac677167fc079227ae7451e0eed,672b07f1d07bf65440d0de1cce67ce7751b8eda77281705aefa5eaac5b00136d,8df49354f860f26441fb23099532a89706282b3f5971089b206d6f475f0f40eb3616c29afd8a5504ffdb59e46f1ee10294e4c00838d5cf47c3bfb8e71852fe49,7d47eabb8e820a0b2fc2a0666a408f40,192.168.56.102,192.168.56.101,70,0.2,file,,79764,"gzip compressed data, from Unix, original size modulo 2^32 197055",non-malicious
67,69,virussign.com_7e9b68523dce77f6f068656936737800.vir,caa73758bf1db2eb6b2bc0f96aef554ce65b5735,faea96b5946cda74205fc6cdf17a4594ac0ca5b758c40a0c6c8d0922df8fbfd8,7a0e46d474f8d4dda6d9a15af80796c420590c06c36c61425abf2100ddd994805f68834357002af9de1561966e67457a1d9dfb16cd0f69365a7126128ecb5d29,7e9b68523dce77f6f068656936737800,192.168.56.102,192.168.56.101,76,0.2,file,,67565,"gzip compressed data, from Unix, original size modulo 2^32 85351",non-malicious
68,7,virussign.com_23ac01730098c867fbcaec85de9d41d0.vir,7bcfde967d2aec278ff942dc2a9ae09b71f3d773,6e9fb8cac01e9ed15a9532e68a29904ec2b56f46a35e5e72054cf3b110b603a8,1bd8010d47512b1660e7f5020c5593fea447f46118c65c68271b58f377d77a5cf9a429006de414c30bf0b242196c9a39667bb8481c5051c379db091493bf9d68,23ac01730098c867fbcaec85de9d41d0,192.168.56.103,192.168.56.102,142,0.4,file,dll,7169,"PE32 executable (DLL) (GUI) Intel 80386, for MS Windows",non-malicious
69,70,virussign.com_8b9bf7b7ef43b1b2742d7f860f41fde0.vir,72f8f72aeee2645cead08cc73781a3436f92d4ea,3b36daeb3a796922b656d8d7fb6647f1b3d0588c6aaecc643c20d882c34d3b88,aaaa98e0ebcf102807d2460c96d27076ed753faf0732a9bf36acb915d50538c9fc5672cea4dab6f2a6b290ed09b8b765edc5a75c9b20a32767e81f95ea45297c,8b9bf7b7ef43b1b2742d7f860f41fde0,192.168.56.102,192.168.56.101,76,0.2,file,,207490,"gzip compressed data, from Unix, original size modulo 2^32 478028",non-malicious
70,71,virussign.com_8c99699beafd39316ecf63fb78355000.vir,c03d1ec9a941678f14f878d775c5724ccecc16d4,1db5d5992a3c87eb6e9c3df0e97e0c4e73c44856895bb612ec8494110dde1c84,447ef9f8ac45782f9d5ff0fa73203f604b4c15057527c69e6a7b2219a7b369c78b7389969388e76f6d5c35838848919743a081b24ae9a3038bf22466a6dee4e9,8c99699beafd39316ecf63fb78355000,192.168.56.101,192.168.56.255,222,3.8,file,,325223,"gzip compressed data, from Unix, original size modulo 2^32 559856",malicious
71,72,virussign.com_8dfe765d3d7a43044b820946d43ed1c0.vir,964a4c4eafb1507f06cdeddde884e8d701d66afb,4e70599171d4a723d5e26c6d939a4218a116efd71c4044b21e7ee7e784187347,71089ae6673be733a2717bdce3b643a86b3399f387d58ab43e6029b3edcfc8cbf4a0a69ed97e621af397d456907ca20b1868e7f2f05bb6299907407fc024de0a,8dfe765d3d7a43044b820946d43ed1c0,192.168.56.102,192.168.56.103,216,4.4,file,,4982,"gzip compressed data, from Unix, original size modulo 2^32 10328",malicious
72,73,virussign.com_8f92038383c1d83313ea6236ff6abbd0.vir,b7e2d6ac6d3d368a0daf13d5ac5e37ce089d62b5,332d274a00b4b2150f7542090d4751eb126c5db41470d47d3a403cac1a485e66,e029cac9db3eb177f01776ae0e2723fef9e0547a3639750aa7945f4f26d2c5ed2bb1bafc7b2cc07124746cba90e518b5409835607fccae70b70139c3c44af8b3,8f92038383c1d83313ea6236ff6abbd0,192.168.56.102,192.168.56.101,69,0.2,file,,85621,"gzip compressed data, from Unix, original size modulo 2^32 211693",non-malicious
73,74,virussign.com_9a73a3bae6abbf033caac50fe91e6a40.vir,ee24cb90738838068e5e1d1e08b740441b84a124,736730a016af8c5c68042feca99ddd1976c917caf2d7a24893f4494d3ef849f8,d93fb45f6b3d2a5a3efa3e0af2c3448bc63bbb1e2ddac8c2ed487d1b8ea8d0ee0c09601e3dc4b1846390622eb7d66b05f0ec5d779c90e91311723847e5e0284e,9a73a3bae6abbf033caac50fe91e6a40,192.168.56.102,192.168.56.101,72,0.2,file,,83767,"gzip compressed data, from Unix, original size modulo 2^32 204859",non-malicious
74,75,virussign.com_09a7738ccc60d72ef7a50d0222958160.vir,7f003ef31883591eefb76d4a0eed7610c2444d27,b9c0ec510d757ddb527fb9f0533cfa36599b60d893d2a33e13bb69cef06f4a60,64efe7d7eae8f2b0300184fe2f03d51478161465cbf11cc7ddf8432c7f546fa709428a7ce94def7921c0d4090c06b4917be6f4adf4ac245d421ee6bfc8bd84f8,09a7738ccc60d72ef7a50d0222958160,192.168.56.102,192.168.56.101,71,0.2,file,,64307,"gzip compressed data, from Unix, original size modulo 2^32 111616",non-malicious
75,76,virussign.com_9b6586e5e0781a1c5403bc5cbfbad150.vir,ea8126ddbd08147292b04b5c2fcd40baa4b5064d,8bf1ac4af1aef9e89b20cfe814f92be8628b2153a953ae37ec6361e9ca4d05a9,2d83b1dc88a9041040574932b58e40c101e8790ee67c5355a1370039d6c2459cc3c880f287ae968c390ae66da41bc5448369c30d21f988d157289e63b448e054,9b6586e5e0781a1c5403bc5cbfbad150,192.168.56.101,192.168.56.103,239,4.4,file,,92195,"gzip compressed data, from Unix, original size modulo 2^32 182312",malicious
76,77,virussign.com_9ca0da79b4c137c265740f062efc6d10.vir,03432776ddbef5721b5a89d060355425e9a3180a,4e8698680342f59e041dc35548e6f729a4470edef1d4efac7acd0cbc69448e2a,624cc1b6d1094c366a4d9c92ccb97dbe3c3c7935fd9763346a4084b0d49da339cf4e86df51e142ecf0a50fc168fffd4f314aca696afebb6d7e7f790f457c374c,9ca0da79b4c137c265740f062efc6d10,192.168.56.101,192.168.56.103,207,3.8,file,,257237,"gzip compressed data, from Unix, original size modulo 2^32 345780",malicious
77,78,virussign.com_9d6e407df8efc2e6c4d0a51304190f80.vir,a846516f61306d72a1d06e76c4db123c87cf45ac,867b87f95d80108bb0b6d424f70ec92b0d33222bfa3f95e92223c76da89f6532,b82086c2d995bb0e29ba09a66fc5fe1eb56713df284fff62c73441b24cbc987dc3edab15639c5965524a9fcac82295a3d3b23cd51d86dc49c57e3ee69ad8a220,9d6e407df8efc2e6c4d0a51304190f80,192.168.56.102,192.168.56.103,67,0.2,file,,313704,"gzip compressed data, from Unix, original size modulo 2^32 826456",non-malicious
78,79,virussign.com_9e73b57a8f6de62700a241e6e96ca490.vir,703f97c0bf6daa1205881d701f35a78ece57357c,d6e1f8150f93d38762751b172ceca6e5ea0869caa2553d9efcbf66038eb14cc0,b0e81aa474522d8c66b287ebf4ea765c530bc692d2497f4115f4bf7d4dd0bb8fd95fc20ec3dc4c34057f0a4b29bdc1e58fe7d17591b1bc0f3238aaf06aac96d0,9e73b57a8f6de62700a241e6e96ca490,192.168.56.101,192.168.56.102,67,0.2,file,,84148,"gzip compressed data, from Unix, original size modulo 2^32 205777",non-malicious
79,8,virussign.com_30f1322e95d8e567a1b84831fb35fd10.vir,56041e9224e140ae3ee3e2d13faddc063da0cdb0,04d7e153753bb811a8df6ccbb929c2bff471308df4013fe375ddf58ba4c828b9,08ffb49a51f3bdf57f9d1d27da80ebb850dde15eecf24f827822261bf14d8e70fb3061c67944c39f30c1e7422c6f20cebce4d0c897e01310ff0241c390998864,30f1322e95d8e567a1b84831fb35fd10,192.168.56.102,192.168.56.255,112,0.4,file,dll,2560,"PE32 executable (DLL) (GUI) Intel 80386, for MS Windows",non-malicious
80,80,virussign.com_9f6d79521f70ef56ee8f0e3d64335e70.vir,bd2609bcdd0b84608268945f16f864456c3d423d,861b7ced2c16451e564a765d24426cb53e01d2204693c17d46722ad3428368d3,897a2eb65e66dae33d2fffff707851ba5bdc2096235820520831b5a2dd91c2c50878ede74d6a845ee2764f06ca8053ca0303936f67494d3ab4b595632596fe6d,9f6d79521f70ef56ee8f0e3d64335e70,192.168.56.101,192.168.56.102,76,0.2,file,,85178,"gzip compressed data, from Unix, original size modulo 2^32 208961",non-malicious
81,81,virussign.com_0a7ff13fb298b3595d1cb04a31d5e490.vir,7037eb7a12264d82141d76f6f384ba595908d931,e835aff9d6a9f86718b3734f25f6a178b6f2e96d12e8cfc441fbfdbfc3e12211,0b75924b84fef8ba57fa859914467a21bedcb75a69e17bdb1355a232c02dc439b8180030ff3ad8e7dba528e87f414ce3e033b3d82028cc5fe650be6840f7eb9e,0a7ff13fb298b3595d1cb04a31d5e490,192.168.56.101,192.168.56.103,180,2.8,file,exe,183297,"PE32 executable (GUI) Intel 80386, for MS Windows",malicious
82,82,virussign.com_0b25af74fd638757272d5809728ac490.vir,c05183cf8a6447d1dce0ec7f1345defe408623d9,b521b8f805a24e4c97f3018f9391a60945f0738c72ee8c35b7462d0f58750b59,4322428729f875523c53409048055f470189f15b535e066f1cee0ad272ff8fd52a270624a3ea27f6e1fa09fd0d2b8540ce967acd08d1d430234608423b9f805b,0b25af74fd638757272d5809728ac490,192.168.56.101,192.168.56.102,238,2.2,file,exe,157076,"PE32 executable (GUI) Intel 80386, for MS Windows, PECompact2 compressed",malicious
83,83,virussign.com_0ba856d3310f55a301062a2903183cb0.vir,db04b81d10b50f92658270be862bf3ca1f36a4ec,8113c0e373a1c1b46ec354ee4833c8ffb9f2de10c24c5000cf68da07996acd5d,a7866fa3c5b3dfa6837ec1391a957fb295429d15777f8c68ab788b0f0a3eb58152c156784688d2b01ba0a7978fa547871d81fd94c8c7524dfe2d66d67eb94be2,0ba856d3310f55a301062a2903183cb0,192.168.56.101,192.168.56.102,93,2.0,file,exe,183309,"PE32 executable (GUI) Intel 80386, for MS Windows",malicious
84,84,virussign.com_0c11eaeb86696f5276360cb44db4aa30.vir,b35e7ad47d637be0b2b64730d7071498a86ac11f,d1ffe49e3f1659a31f0d5fd481a3bec1127141015f1e9d13ec8fbbf2215d3809,0c4b63787c97d888bbe5b62e8f889ebcfcd6a59b955597c5aa3ca408727672596b1b4e32dd9d58654a67788b50d2a03a3494ab8dd7aa8d25257ee0c0595e1221,0c11eaeb86696f5276360cb44db4aa30,192.168.56.101,192.168.56.102,36,1.2,file,exe,482211,"PE32 executable (GUI) Intel 80386, for MS Windows",malicious
85,85,virussign.com_0c79f1ddda9c21442550c96a2594fbd0.vir,73653cd6ea3b14d3469c7947e72a6a94b0025937,044b4f7a89e94347b497dacef34863a2487c4c38d3f2748804a5def617363a17,096c517c5a44dacbb28fba2e5cddd063c3eebc78eb0ccba416d0bf28e9818ab91575f7be928cef30cbbe6e1b1c29a27160b8580ffccab60d24b5d460af9e30bc,0c79f1ddda9c21442550c96a2594fbd0,192.168.56.101,192.168.56.102,198,2.6,file,exe,1368158,"PE32 executable (GUI) Intel 80386, for MS Windows, UPX compressed, RAR self-extracting archive",malicious
86,86,virussign.com_0d07a3933532667f9adee8935c763dd0.vir,c4e802020f60df7c46794bf3b629abdad9772182,cb94a905295c9593823c86e3f6ee8b4b27c0b7b9c6f5e08b756d2c91c728e89c,4d71dd600c9820aae3c63fe6565147240e8989230d46c4d1760ed1ce8c48f4dfd707602bdb7a06179161d8bae34db917d83765c3a0c9f4d77ee3f432f56d380d,0d07a3933532667f9adee8935c763dd0,192.168.56.101,192.168.56.103,181,3.0,file,exe,63583,"PE32 executable (GUI) Intel 80386, for MS Windows",malicious
87,87,virussign.com_0d4606766d8cae8fbbbcd14952ca3810.vir,ecff2259991a7d7f98852be29ffb0ed22c4c3beb,44bfa7fe8c1f3a07c9a33da3b62e1a4096cc9537c3cff94a74cea8a22640bb33,a52c40d1160812f063faba6e93c1a64ffc7c28678da16baf23a92ebfb51c1049f47b036c8cc41915e5f77e946ad55613054bb76b8e8b92604ef318f81096740c,0d4606766d8cae8fbbbcd14952ca3810,192.168.56.101,192.168.56.102,288,6.6,file,exe,1719672,"PE32 executable (GUI) Intel 80386, for MS Windows",malicious
88,88,virussign.com_0db72872c59f40d817e5f530090722d0.vir,1f7ae24ba198b3dec6526461428bd4aad18cb235,ab557dcac634c3a0c4ccf4e9e9e787a86e324a619d8d2b1617700df6c96d7ee7,bd8c4bbb7a060afdb818123bf29a0a93e7b44aa2f6e666c6b9ddfeea05545d2ec3befb7a45a667b7e4bc9bb1fcec33179b7946a14b0afbcab83bbf932889f6a1,0db72872c59f40d817e5f530090722d0,192.168.56.101,192.168.56.103,229,2.4,file,exe,127324,"PE32 executable (GUI) Intel 80386, for MS Windows, PECompact2 compressed",malicious
89,89,virussign.com_0e7fffe80b6f48c5fb189aaa173770a0.vir,309f455209688feea43fced65cc97f968eea4cc6,f6ac3ecdac6e8640d660a5a910eab69425f7c62935d79c2dae0c9818c766dffb,377c0cc65a5fc00b86a68eae22448a2daa294f2f973ffe8a7c24871c6430b103041d9f8dfb22509f1a3fb75e2bbfe65f1d7eedc9cf0aa2fad8558f09e04a35e0,0e7fffe80b6f48c5fb189aaa173770a0,192.168.56.101,192.168.56.102,238,4.0,file,exe,2174290,"PE32 executable (GUI) Intel 80386, for MS Windows",malicious
90,9,virussign.com_39b6a5d704200da4cccb76f68f562210.vir,91c5937da164781fe28978959f48a239b1d2cbb3,62513b20cba36e79392bc999d788e469a397116a5a328742f58dd88b7e1373a9,719b5a27d7380ffe1645eca5703d4ab8b5f40aeda9015fb1dc361cde9b3d08cfba3a8ed2235cc51c55cae9a78b0b5521e52ccb65b4c4a0ef35450b852482d55e,39b6a5d704200da4cccb76f68f562210,192.168.56.103,192.168.56.101,134,1.2,file,dll,274432,"PE32 executable (DLL) (GUI) Intel 80386, for MS Windows",malicious
91,90,virussign.com_0f24f13531c1faeff8dbf680d1247980.vir,d8478201702806a12b6fe7cafa76562fe3c9d32c,e2d3532837ec473f30b8ff86d8bd37e2a8eea5e72c1e7feaf5e88e17c07be0ed,908d0ea6eb7e57895150e9eb3c66b6ffda9490c766e0f59ea8b40ed44531adb50e4730f2886f99c5f12270c342a8dd3e9079abba5486d14acb8f4146562f3dae,0f24f13531c1faeff8dbf680d1247980,192.168.56.101,192.168.56.102,240,1.0,file,exe,511220,"PE32 executable (GUI) Intel 80386, for MS Windows, RAR self-extracting archive",malicious
92,91,virussign.com_0fb2e6ed11e66e4906cce5e5b9e99fe0.vir,e8c3ae1d2d9d6b8e8c2666845676b58ab7f13d71,fc07f083e3365b447fb59d3fc6358fdbe333419a3db2c7fcbe8a1683b84d695c,080465442879f9544d425ad746adaf16da4c3e72882915a648605fe6a88e33f6ae505e21ff8c9f1f2dd17ce34059975240bf039324a49a4676a55e25667ed5ff,0fb2e6ed11e66e4906cce5e5b9e99fe0,192.168.56.101,192.168.56.103,243,4.6,file,exe,1151028,"PE32 executable (GUI) Intel 80386, for MS Windows",malicious
93,92,virussign.com_00feb1c08e6948e419966a27ebf06ae0.vir,1af1f68104740c290569ecf450c746a7b902e4dd,7d310f7a4022f65b02ab25a11ae792923a93f0e6a88487842a762c829a9c2b51,de66c15941ecb94b6a51a0a74669475132b57d0293ff9d308153ab0cf9b8157516b4de452fe255f3b6bb9f404c45f0e9205aa2f251e92e37a5c0455e39f09bad,00feb1c08e6948e419966a27ebf06ae0,192.168.56.101,192.168.56.102,113,0.2,file,exe,49232,"PE32 executable (GUI) Intel 80386, for MS Windows",non-malicious
94,94,virussign.com_1ab876e522bd75a8bc0ae3518007acb0.vir,efe8182b9ed80107873f684db0f64f1c60afe9bd,29ca9248a7bca24fc7da7b3428389b614f49a590419127194ab8d65bdb64a066,6431f4d4e0e22c13587d0bcf3171620e1529c63e82c3bbe5216984c9b400021dd74324578862fa1e6267b4ad035c24bab97f323f1c2098c461d1783b50975c34,1ab876e522bd75a8bc0ae3518007acb0,192.168.56.101,192.168.56.103,56,0.0,file,exe,401218,"PE32 executable (GUI) Intel 80386, for MS Windows",non-malicious
95,93,virussign.com_1a466e8456adb5730aec762371b47670.vir,fa95e7b32d8c521c1010278d556c7bb749db0eb9,894aab4e4a019a34a7298e64028aa0dc3c0c1000f94b80f76c1c996e08f829e5,304b97e6f56ac79afbc9c90d6f84dbf3379a159092706a2590edff8373249c598fb03745ecee8b13bddba24429da68273bf1af950fcfba95283b56e31ca6dde0,1a466e8456adb5730aec762371b47670,192.168.56.101,192.168.56.102,231,4.4,file,exe,3196931,"PE32 executable (GUI) Intel 80386, for MS Windows",malicious
96,95,virussign.com_1b1b5ce1c311873e32d5dac48af62880.vir,17bf6c467ea199a36e9eec10ae4dc41c5bec845a,0a64163bcb0ccd482b079d3a4381cb6c343ee0f336b8b53a893c4c333ba9489f,3a9c5eb344293d93f3a51eb89e4a0fcfc0ded13265715bbc04246b51bf2a6c94a7aa18fb356364a49a2202103d7ee7521f389df30f7ad13fe602e3920fe14e89,1b1b5ce1c311873e32d5dac48af62880,192.168.56.103,192.168.56.101,205,5.6,file,exe,977613,"PE32 executable (GUI) Intel 80386, for MS Windows",malicious
97,96,virussign.com_1bdbab9a219c8ecd21f991e669f80340.vir,49ce1c9e570044e78676300a2ba79f52b84be2b8,375d9848db61c7d5e6b44b9b28c3cffc0dafd9e742c8351806ffca0b084c2487,fb2619a124e33e55bef5cc5f2eaca1369a96f6b5a4fc0a48ed2aba3d93bf73ef56928a05bd3ca1acd7ae9e8868f84d4176713a4049ca56ab70ada2e904f2eeab,1bdbab9a219c8ecd21f991e669f80340,192.168.56.101,192.168.56.255,59,0.4,file,exe,854528,"PE32 executable (GUI) Intel 80386 Mono/.Net assembly, for MS Windows",non-malicious
98,97,virussign.com_1c36ae35a23ea42e4b36208e62e6f1c0.vir,b731c7b95422280be557e993ae91fe874ec7f9ad,8d3809c2c3e520780628081bf118508daa0b361f1866264f244709c6f3381b5a,b8fecfa3c4e49576ff0228bbbf30337dadf5291f0a01ce604a76f73d5397db71c04ef75339b64cbe57656bcad0032a9214fe021487ee85cd63767018ea180e51,1c36ae35a23ea42e4b36208e62e6f1c0,192.168.56.101,192.168.56.255,167,0.0,file,exe,7168,"PE32 executable (GUI) Intel 80386 Mono/.Net assembly, for MS Windows",non-malicious
99,99,virussign.com_2d2c2c2471175e9293929d5d464359e0.vir,72f4efa3f7dc7bb204d38e43f2b574c531980fcd,362b73fe6e8033d7dab901460f42b3da709142e8dd36596dda356508194de159,2a808858cc24a9cee58d1914f7a53b769655e0cd017f7192ef908524ac2cc168050336080e5fc3ac6b544fa217c143b621b17f3b5b59ba9a3b6eee18c6af910c,2d2c2c2471175e9293929d5d464359e0,192.168.56.102,192.168.56.103,58,0.6,file,exe,38400,"PE32 executable (GUI) Intel 80386, for MS Windows",non-malicious
100,98,virussign.com_1cb8944cba06f335729e54a3d9a69d50.vir,32feb0521313678ff53cee0b092d5078f9df1043,916ee599324165e2e76f073946fbbbdd3f45dee4fd1c927749f59d915a4dcf01,c9fe9bf1403034cc0687b109a9b6ccab16ae5fd074aa46db2c8ab80c2a4b59280c48a8fec5a451ff0c8fbd319e62e4de95e09f0d0c7dccab7b03c53ff03f94da,1cb8944cba06f335729e54a3d9a69d50,192.168.56.102,192.168.56.101,284,5.0,file,exe,1719672,"PE32 executable (GUI) Intel 80386, for MS Windows",malicious
